period,val_auc,val_recall,val_accuracy,unseen_auc,unseen_recall,unseen_accuracy,number of files
3.0,0.939549438145883,0.8631523431613843,0.8559957546694762,0.8072789225997279,0.61043823787873,0.8037760413394089,397877.0
4.0,0.9328807791081488,0.8641859562912194,0.8441317352368778,0.7934733679833768,0.6849148726251613,0.7735106694338016,300672.0
5.0,0.9157106846165484,0.9102163311241716,0.787293151346781,0.5887016481364609,0.693510201239468,0.468402538776303,236807.0
6.0,0.9072250765439868,0.9158688469033296,0.7585689299047635,0.6427293622562272,0.6031396936144395,0.5314198691953269,231796.0
7.0,0.9113874372364604,0.8665034134758088,0.8027391989351026,0.730948120328732,0.6571070950174576,0.6960965735930439,218859.0
8.0,0.9197956809273328,0.8703567035670356,0.8200167572411065,0.7625207865727566,0.7021290448596914,0.6561786143006924,197431.0
9.0,0.915287133332408,0.8327437945965726,0.8436632062312526,0.7696048337128472,0.6829749186115823,0.6986080362368629,196485.0
10.0,0.8988165831741619,0.7735218432961637,0.8330548193793491,0.7914970810498082,0.6503711802957933,0.755956357158762,197604.0
11.0,0.8918911072986441,0.7546605811262536,0.8342304571274006,0.611438237907442,0.3112796915806491,0.7082448203222911,225014.0
12.0,0.891992635860847,0.7522978938988203,0.8481676745748695,0.671391438820044,0.424631802466447,0.8334962301033231,272156.0
13.0,0.8964047947865466,0.7361941882452823,0.8500236047301576,0.7378774632626379,0.4253929012890694,0.8305257259180476,262323.0
14.0,0.9031886404309744,0.77924739195231,0.8384244288317516,0.7908415943600894,0.5617219917012448,0.882757767320661,274773.0
15.0,0.921240976083308,0.8345205479452055,0.8372670070633128,0.8436989954696952,0.5952035342379299,0.8794367722718657,184650.0
16.0,0.9274255621930791,0.8390513469951646,0.8471156137599273,0.8317432130364626,0.780693448757834,0.711696961287637,144140.0
17.0,0.9390755836271368,0.8942482200195448,0.8263978633583182,0.657711206736379,0.678594249201278,0.6430552690094675,130869.0
18.0,0.920918028440432,0.8531905675558581,0.8292564069094548,0.7089004266361181,0.8695685493141236,0.5458816537633717,124516.0
19.0,0.9013310744544334,0.8267186581913359,0.7857271580464948,0.7308125583565634,0.5839725008336968,0.6615387685063251,150354.0
20.0,0.8946188220232338,0.802547770700637,0.7992014590624538,0.6322790816661391,0.5545160823648551,0.6638711187392728,179452.0
21.0,0.9037013919002534,0.8307620601258447,0.8216779214833467,0.8173769386918169,0.3985032074126871,0.8334588599432551,193850.0
22.0,0.9155796588067282,0.8267942583732057,0.8463953435079518,0.8353193736493785,0.3849244524927848,0.8095458577430329,205178.0
23.0,0.9248976627931152,0.8654623246969336,0.8324989627990595,0.7587676079547169,0.5669272164998661,0.745607528763937,168527.0
24.0,0.9229403461044596,0.8576023279856032,0.8426305069455702,0.750558355379294,0.6735412198207117,0.7111514886939491,169511.0
25.0,0.9326361011920088,0.8781715155615697,0.8592235869341109,0.4906087501206788,0.1791497245145923,0.6498136018757392,144583.0
26.0,0.9303932800679904,0.8572392175534659,0.8649714891924148,0.5279795334976676,0.4766299876593994,0.5042077819213887,151505.0
27.0,0.9289961922806008,0.8539394185150643,0.8570446735395189,0.5209315445974531,0.4984089395397025,0.5410585206754566,165873.0
28.0,0.9218436918127038,0.8753302817163485,0.8233888354936748,0.5985504653922529,0.2855043993594929,0.6779930557396168,226374.0
29.0,0.9204646761462698,0.841897233201581,0.8460916005826186,0.7978421964316289,0.7910765924359837,0.7684609622234793,327055.0
30.0,0.938546959674268,0.8141219787398302,0.8604929209346813,0.5416116053879831,0.28328857421875,0.6916484549406651,425550.0
31.0,0.936072726620758,0.8385118306351184,0.8618766471225152,0.7427604156402283,0.7495221825685435,0.7355676484984596,520965.0
32.0,0.945376314994503,0.879361898648966,0.8662721856322219,0.854972400007687,0.2543338830859447,0.8581340317036217,491048.0
33.0,0.9545128977120894,0.8955483303682801,0.87447932752907,0.644158219351106,0.5206713057715923,0.7725344128702688,380163.0
6.0,0.9392192052008226,0.8468189079973687,0.8597523120498319,0.8064382881329856,0.5428500711589629,0.789183591914084,397877.0
7.0,0.9163189170069154,0.8312666941735977,0.8226244064309897,0.7977990665134955,0.5931722947991126,0.7853732766446574,306234.0
8.0,0.92651837293316,0.8684124027610387,0.817936676885714,0.8439532853663786,0.7404616787445409,0.7633467699020859,300672.0
9.0,0.889734511635203,0.8966397749981496,0.7359221956875368,0.7416443715420564,0.8732743255898257,0.5748701837064188,229170.0
10.0,0.9066528458314936,0.9127266942411708,0.7477790763833402,0.5452595174044708,0.59824,0.4610167773756688,236807.0
11.0,0.9006767672174677,0.9210301515487076,0.7337781590709125,0.7836579334536679,0.8578365909918659,0.6134700653539832,237935.0
12.0,0.8921614151957258,0.8893313149927603,0.7361683997621578,0.757702903372695,0.6549812941665512,0.7265181452656646,231796.0
13.0,0.8942175750179008,0.8686754195396871,0.7558848086626873,0.6266687114558962,0.6030522535908865,0.6471599197665937,219360.0
14.0,0.9038332002187236,0.8550866405813303,0.7895091156387817,0.806343864897147,0.7331782945736434,0.7464760416523881,218859.0
15.0,0.8949617597924393,0.8391453499365226,0.7878637017369178,0.7056653310436137,0.566698063224819,0.6914368663468254,219067.0
16.0,0.9122350584741804,0.8364305279553145,0.8125359283895869,0.745449989204973,0.7098658138079678,0.6650829910196474,197431.0
17.0,0.9022112723939368,0.8288460570680892,0.8008136219768538,0.7926534004746403,0.7644911137262002,0.7080021025365911,184539.0
18.0,0.8979163341231768,0.7891548429706894,0.821080490806041,0.768321454096393,0.6614077669902912,0.6999770974883579,196485.0
19.0,0.9010825663770836,0.7966954334533154,0.8264753864878163,0.7953165453874999,0.7350990910445537,0.7482046494449802,194948.0
20.0,0.8984891540068474,0.8008401671396331,0.8204687071752418,0.8271016530368094,0.7193661545905407,0.7975597659966397,197604.0
21.0,0.8931541709357964,0.7772784468811792,0.8308948336072655,0.8283333331932281,0.5359450577853266,0.8453059028265896,206291.0
22.0,0.8839847586985674,0.7705757228676281,0.8232837849316232,0.7213607392701943,0.5301507537688442,0.7649212937861645,225014.0
23.0,0.8926545648747699,0.7794983116256633,0.8375976442545506,0.654873202860345,0.3837422910379215,0.7898150535785915,279216.0
24.0,0.8808371387283234,0.7539813437880222,0.8386284588629997,0.6742468635163957,0.4015279538093226,0.9002042945957466,272156.0
25.0,0.8867692504839294,0.7122641509433962,0.8594186290022338,0.8264116289441727,0.5682492581602374,0.9004717561339151,276414.0
26.0,0.9009775347527736,0.7764091416840262,0.850154047241154,0.8457651440748813,0.5503865979381444,0.9148721232983764,262323.0
27.0,0.8956358870462674,0.785434639503863,0.8277762295125067,0.810546972813911,0.5596223271313524,0.8987936695039802,264687.0
28.0,0.905808818027953,0.7972774790358365,0.8417583864409183,0.8520760358540859,0.5534561486380097,0.902013662186605,274773.0
29.0,0.9110190539984812,0.8278517030713868,0.8229252834486601,0.8768110400615531,0.6499733048585158,0.8958029684292536,228471.0
30.0,0.9152735645257516,0.8060100762405814,0.8565818609294006,0.8870374802399846,0.6178219963231318,0.8894773896561061,184650.0
31.0,0.9252651306869772,0.839172335600907,0.8603116701982136,0.92588652586765,0.8927142317855795,0.8344973519087051,163514.0
32.0,0.9350069404282056,0.8442068141743928,0.8664383859781489,0.910021473436792,0.9175906267201384,0.7744484528930207,144140.0
33.0,0.9313053374103232,0.8644527098831031,0.849637686909436,0.6899482201478621,0.6136100012888259,0.7303848112315414,137470.0
34.0,0.9316244521064048,0.8906533326006923,0.8285784893470548,0.6789542211499431,0.6886073537816727,0.5913088661180265,130869.0
35.0,0.9218312938425254,0.8835339384372534,0.8056244161453258,0.6695957868076179,0.8827018121911038,0.3774150698769497,125721.0
36.0,0.9041393628309502,0.8735499907935923,0.7772562965102373,0.6623457298573999,0.7556685518601152,0.5257476950753317,124516.0
37.0,0.9042518609624002,0.8577029425116586,0.7778251144956865,0.717218296324526,0.7266369146739492,0.5676361814975677,145743.0
38.0,0.895390353951323,0.8455396587362705,0.7783934888553546,0.741869631826783,0.4701909728735977,0.7854929034146082,150354.0
39.0,0.8843250436764354,0.8139361437653159,0.7838306271450245,0.670315259023329,0.4686094538779256,0.6654789256740192,175403.0
40.0,0.872179541838758,0.8133557611438184,0.7664202071760997,0.7182362710692083,0.5829839525805985,0.7834685598377282,179452.0
41.0,0.8778483733477849,0.8460354394129228,0.7462738240019885,0.7021074661874716,0.4525909190292252,0.8168474723950798,185927.0
42.0,0.8897344893504155,0.824852199775126,0.7868765836346313,0.8226843474419622,0.5260055837038569,0.8423316997678617,193850.0
43.0,0.9094435855356792,0.8607003044802087,0.8130338439089889,0.8541212310064565,0.5648674899403358,0.8476234190126479,196080.0
44.0,0.9021819187634136,0.8205540355677154,0.8163519778589321,0.8482740308247659,0.7463525780015435,0.8018598485217714,205178.0
45.0,0.9099485931999844,0.8418992511912866,0.8239269226299684,0.8256857845154197,0.6215325460038451,0.8127011983634136,192596.0
46.0,0.9193357024096686,0.8503971276248504,0.8280333436245755,0.7757950665947824,0.6395335276967931,0.7919799201314923,168527.0
47.0,0.9164733744300192,0.8483205408069854,0.8395286124535967,0.6494673370566724,0.3636893203883495,0.6423798099775754,178821.0
48.0,0.923104945852642,0.854460922787194,0.8463154111001082,0.712375194206489,0.5294493726524414,0.7015178955937963,169511.0
49.0,0.92321865625118,0.8500790036248722,0.8434631354909806,0.8323938961497066,0.7591776798825257,0.7500229096574025,152774.0
50.0,0.927878651817474,0.8687911280355413,0.8401361054067423,0.4682667255728938,0.2034668940039784,0.6750862826196717,144583.0
51.0,0.9146993870795976,0.8657033010738433,0.8206497340119109,0.528280659857734,0.4838120537937905,0.5393617521267096,148939.0
52.0,0.9126092419965776,0.8325551391534066,0.8337839353126596,0.7351760195706672,0.611932982800107,0.7162403881060031,151505.0
53.0,0.9142196095343008,0.8353159961035511,0.8429528101668259,0.4001294536385116,0.359629537749111,0.6681988521377179,156639.0
54.0,0.919570503869808,0.8569117789783572,0.8269044279356503,0.5275929951447778,0.4096660258416417,0.5892881903625062,165873.0
55.0,0.9167136899012538,0.8547971474800743,0.8185883978981132,0.7550425829037317,0.5686503719447397,0.7140585511263091,200611.0
56.0,0.917178638575414,0.8420263869189392,0.8275394772721639,0.5557812342398771,0.1906234212387592,0.7139203265392668,226374.0
57.0,0.912911388841352,0.8354371092011896,0.8307452587947548,0.7000444781752158,0.6813067682390859,0.5748887384893046,292554.0
58.0,0.9183304653435016,0.8569564255695643,0.8232743164124683,0.7716360455962055,0.2115752261537311,0.6979621164635917,327055.0
59.0,0.935975354574602,0.8334788198136714,0.8741691670781268,0.6068365300745759,0.3753093633988725,0.7027899145668359,384277.0
60.0,0.9406265314006124,0.84826660326961,0.8794822463713657,0.5941199854458662,0.384242344807248,0.6618235225002937,425550.0
61.0,0.9304833671248232,0.850062827999113,0.8577415504216709,0.7239738450174344,0.5946812196812197,0.747928453294037,477059.0
62.0,0.9305580245278005,0.8351875415883541,0.8584181329212442,0.7997590062428174,0.3858019219176625,0.8459915733302621,520965.0
63.0,0.9412350925663882,0.8756285785411999,0.8575531625649856,0.9075664851067772,0.5565007595389152,0.9198530209895354,497486.0
64.0,0.941199683931486,0.8871975383467761,0.8435825667301831,0.8364730267614658,0.6052607032926033,0.8565842850393445,491048.0
65.0,0.94617932830554,0.9152771888549972,0.8360241854849899,0.9199922271193484,0.8425259792166268,0.8390093076223256,471549.0
66.0,0.936526324493532,0.9104875206223796,0.8114451773093916,0.6175062216725897,0.492011171778678,0.7682152129481301,380163.0
12,0.9292338388006203,0.8538339166401527,0.8372183031600781,0.7834514903351353,0.5142728500675371,0.7737114736463782,397877
13,0.9334870159954131,0.8484109995060102,0.8494184428840253,0.8833426940057928,0.7981401465339094,0.8108610177575695,318681
14,0.9269728898763873,0.8043337179117392,0.8627846509164729,0.7951350841279274,0.5440983298930381,0.8154548482532965,306234
15,0.9265415857171266,0.8437523665278304,0.8282747551630737,0.743976219907356,0.5871934604904632,0.7579705301333192,302207
16,0.9155595936601688,0.8747141880583645,0.7722206393853579,0.8007465291029023,0.6393653861641299,0.740903709025117,300672
17,0.8990862124110159,0.8788808771825278,0.743905297702766,0.8569249368433728,0.9396210526315789,0.6592862205704871,261005
18,0.8868823202629835,0.8858598956605651,0.731135907057467,0.7893237990792499,0.817035023844931,0.6025221451324344,229170
19,0.9013977177795707,0.8843200675010547,0.7559487348631202,0.6779402851244865,0.7177616867213289,0.5742862020213516,228461
20,0.8879187762637809,0.900193485972267,0.723169811801177,0.4984807488251798,0.5119812533071283,0.4624863285291398,236807
21,0.8992202758079293,0.8984225621414914,0.7335843542027345,0.7165272984944513,0.6273432835820896,0.6277914490424534,238944
22,0.8972725832791206,0.8942548549573087,0.7292947447968792,0.7786138254227615,0.5351295603970607,0.8085653644903019,237935
23,0.8913180150539997,0.8919530595138306,0.7216331872505756,0.7594749123836215,0.6991552956465237,0.7695190718751597,234796
24,0.8944108916324943,0.8915803216756021,0.7290688266978297,0.7795535648806416,0.6514414077124673,0.7324328288667622,231796
25,0.8955883217074001,0.8760795676157576,0.7594479561251003,0.8148198342035341,0.7513416815742398,0.7312722777969415,208728
26,0.8973602376678762,0.8765955120671277,0.7617785462264763,0.5656376108581368,0.5276423322573999,0.7447802698760029,219360
27,0.8891747815186728,0.8602044619562323,0.7606485444474935,0.6508957699755848,0.5142795883361921,0.7633881956313067,213565
28,0.8912458723797074,0.8532136583487739,0.7571975616280215,0.7744445255293115,0.7687507290330106,0.6644689046372322,218859
29,0.893450811193036,0.8446888160973327,0.7813039513986232,0.8164287090857576,0.7690419464298607,0.7064233484048096,220726
30,0.8887844016543117,0.8358005273627238,0.7823450580843705,0.6698397417546328,0.44836394599197177,0.6865844695914949,219067
31,0.8965524005096679,0.8621111869834468,0.7826569077504832,0.8437381888074144,0.8319113963681903,0.7488592325492783,215206
32,0.8982533247737823,0.8458594687620299,0.7900713408156119,0.7364499106657456,0.8098564221963523,0.6167673769570128,197431
33,0.8974347657255,0.8459812559889686,0.7951676243479937,0.6992081839635476,0.22294759434805939,0.7944653206104362,182558
34,0.8969116600597089,0.8349537637196439,0.7925283881558198,0.7247061078735175,0.7460961514816181,0.6263499856398919,184539
35,0.8904026330026412,0.827766416723472,0.7879269560737476,0.8370472624797793,0.8460474473970995,0.7000056851364691,193487
36,0.8890698892664033,0.82632851183282,0.7782785779404181,0.7551730132586604,0.6630569473627499,0.7080794971626333,196485
37,0.892258948248881,0.8258396380498245,0.7857095431115314,0.7819266415597619,0.7506666666666667,0.7359455787729346,200951
38,0.8895444214495563,0.8235715729696947,0.7853057139932972,0.7583071109075672,0.7159069995705785,0.7148213882676406,194948
39,0.8909888655514708,0.8152165985997666,0.7881947179123677,0.8454834653301746,0.7816105214582372,0.7771355069859968,192027
40,0.8862392615064123,0.808010946168841,0.7976794118572155,0.8458121680410815,0.7361865803773124,0.8057478593550738,197604
41,0.8826235106597238,0.8007524454477051,0.7942240437706052,0.8607615407659505,0.761866846328168,0.830295110085608,195893
42,0.8824223897545472,0.8034734747763997,0.8009464196209933,0.8434370147200827,0.7011566114410753,0.8529455962693476,206291
43,0.8849105891957074,0.7870199563977863,0.8149129132695914,0.8094613451974811,0.4496802055431039,0.8308571158794231,211815
44,0.8783634774253593,0.7837347887296782,0.8139362591502579,0.7141050205396261,0.35030531609195403,0.7521843085319135,225014
45,0.8821677385453666,0.7908507893139041,0.8101487563885301,0.8007758786717127,0.19314314524599807,0.8595267852623628,256839
46,0.8798159825730982,0.7808265646495675,0.8234045741350611,0.6040495523309826,0.2637107474568775,0.861619677955418,558432
47,0.8866545575542875,0.7875894542125227,0.8338744810565314,0.7099305319659538,0.2330690237878591,0.9177569756975698,555500
48,0.8812599369691,0.7820859516351822,0.8268889028134595,0.6181760579602849,0.19643559903300162,0.8877922955951734,272156
49,0.8856379680722282,0.7881930204854805,0.819783612529809,0.85750102826563,0.6776026132651612,0.8825403451723115,273081
50,0.8878165602701888,0.7643545432826312,0.8379997604503533,0.8492560453232276,0.6306394424746301,0.8939851092925829,276414
51,0.8832845673694658,0.7674751540552317,0.8280688954443466,0.8183148663052254,0.4985553772070626,0.9222762283897015,266019
52,0.8845482619843901,0.7660333325994584,0.8268161347730797,0.8343539964128197,0.5319251080172828,0.9192789042516287,262323
53,0.8898664643683354,0.7749716767371602,0.832597520071465,0.8592791258939879,0.5559643687064292,0.9206033514395187,259948
54,0.889087754830841,0.7871743689516638,0.8296576662494288,0.9048568319143913,0.4147556293452319,0.8906784239497973,264687
55,0.8981298502490975,0.8053281385737225,0.8232917679187709,0.7593054705471382,0.3334101648035035,0.8565020135596676,255021
56,0.8907439109695623,0.7807660961695192,0.8172960158220407,0.8551025073803935,0.6729344099104081,0.8464550738245752,274773
57,0.8912470776008414,0.8019110096976612,0.7952021563913503,0.856340211741868,0.5909363146336594,0.8951115494411933,259571
58,0.8992769382720578,0.8078189842566366,0.8161224883057592,0.8899001885462342,0.7023486901535682,0.8800197836924599,228471
3,0.940659737084515,0.9554677680014365,0.8014534700811679,0.7719548109350832,0.9491984646647099,0.41390330864015074,54131
4,0.9412921088519979,0.9337158686189158,0.832507137479937,0.6396737450833343,0.5260937153009105,0.6643513655462185,76160
5,0.919261449523606,0.8620557890714559,0.8274071866618568,0.7311265222213429,0.38407218517065517,0.8243319287939719,72859
6,0.9176323099922592,0.872699677480554,0.831830353626841,0.6995360216210256,0.8547244774572466,0.5868436888822025,53176
7,0.9316338805030483,0.8526109427909464,0.8526973827375418,0.7367624821418359,0.6188694929343308,0.7093649184256614,108490
8,0.9316782360342604,0.8908933217692975,0.8346977759585209,0.8763155029243025,0.6722607713409714,0.8025363151227133,152347
9,0.9549677606175928,0.9136939010356732,0.8785157444206665,0.4790224273229121,0.542617882516738,0.6159404173605498,184349
10,0.9567169707093379,0.9206886819079876,0.8633476194326891,0.32400775096202566,0.06793437891296504,0.28505901827013813,129282
11,0.9680629956161038,0.9290856067038281,0.8716339757071119,0.3430725890231654,0.21967061006726976,0.41985961461081056,134202
12,0.9572144572161404,0.9051862617608812,0.8664332478853866,0.8237798792296563,0.06674586888432876,0.9194077793830918,142582
13,0.9755407786040411,0.8998153846153846,0.9113547484657742,0.614760721507596,0.3486639260020555,0.691043771043771,59400
14,0.9564255210791133,0.9427992518703242,0.8166004330961616,0.6011112881432459,0.6601294744859101,0.4643421273735507,59510
15,0.935785270016132,0.881370698417308,0.8348400715891882,0.7110601516859942,0.675752508361204,0.648589193513199,55004
16,0.9167038493196478,0.8007252348772046,0.8618183490880655,0.7204668732194248,0.45484949832775917,0.7882405432464197,91892
17,0.9015489754841107,0.7805441055234955,0.852408821363513,0.7761990464568118,0.7542348955392434,0.773647105992939,89789
18,0.8976122566096665,0.8028790786948177,0.8263874805651321,0.7413107640694476,0.6391866913123845,0.7438143159806295,52864
19,0.9018106965320668,0.8334320110519045,0.8209151218513907,0.6170040229101409,0.30742447516641064,0.6351982202122616,54838
20,0.8921862109887988,0.8761904761904762,0.7608611994409901,0.6714895928695677,0.9206887014244226,0.46288775431267887,51708
21,0.8532585332952577,0.8256174922391686,0.7191679421875392,0.41703655211959034,0.4488699225541331,0.41105482896779083,83113
22,0.8911697295446162,0.7822125813449023,0.8053569545502478,0.734871120398219,0.5121811735102367,0.8028065742422362,88649
23,0.9164776781367163,0.773340769659788,0.8554091787785494,0.7856482736844697,0.5396405919661733,0.8046472007950405,63393
24,0.922371494803175,0.8287529346775308,0.8516559220262294,0.7629046447711099,0.6032471437161756,0.7186574329431472,48951
25,0.9310663566549197,0.8734773428617834,0.8360166371470079,0.6623368483842851,0.5624821886577372,0.6652261692222983,59933
26,0.9170115118258598,0.8824866310160427,0.8314371952635244,0.6722494546625448,0.3981906848540533,0.6969116879292111,74701
27,0.9113692312048028,0.855013698630137,0.8302285552432621,0.7649946281726578,0.5226724553786782,0.7670456605004652,82763
28,0.9166023853294766,0.851220953131154,0.8527690892364306,0.5141939827271265,0.29632448063313294,0.6917898143624817,65504
29,0.9238546081922892,0.8697140555779299,0.8492519105880665,0.7489360068334538,0.7130788320397065,0.7107386918320859,61460
30,0.9328492519087703,0.871967654986523,0.8590936832468722,0.7220959077921427,0.6705825065433075,0.6554314262915033,57646
31,0.930442339818709,0.8624556774140348,0.8549390072151323,0.7822734528487397,0.6969747432694976,0.7299381927772386,58731
32,0.9014888662385121,0.7898995953843848,0.8354700854700855,0.6764006664227351,0.450616328846253,0.759526248063237,76158
33,0.9115246605045684,0.822261851686729,0.8422528773839697,0.7108301962010964,0.5831700877267695,0.7092997891369156,82518
34,0.9063087041062012,0.8179228390037441,0.8393435384162496,0.6905494202632513,0.38553455143200355,0.7205203224048418,69726
35,0.9111227691146518,0.8289170997699582,0.8329626451375632,0.7271974506086556,0.5785166240409207,0.7114722234132259,69969
36,0.9104700241981265,0.8087037037037037,0.8548439356301977,0.8169572429922791,0.7883431085043988,0.7327193302768423,73941
37,0.9190028223270704,0.8210927798474366,0.8601733790185174,0.7780419382999174,0.5671892497200448,0.790711322742854,74973
38,0.9250680326730196,0.828556310080254,0.8670711427057254,0.6120237683112463,0.40085015940488844,0.6545159615883727,77060
39,0.9118079682984136,0.8428401934836178,0.8148829964243991,0.6633524086032719,0.39746995572422517,0.6887956938109341,92518
40,0.9182772244966603,0.8111304347826087,0.8486047957080702,0.5288267378334535,0.30806351183063513,0.6509276461674129,116801
41,0.9088387464439107,0.8739958182018268,0.7585445911027306,0.6655464190878198,0.3204651720417216,0.8340119132065571,102911
42,0.9258793133938193,0.858712715855573,0.8158933101027441,0.824360578655438,0.6503657262277952,0.800679107293148,68914
43,0.9155307015382235,0.8931623931623932,0.7667031611624652,0.8345299416506137,0.8015580155801558,0.7944056672570059,76792
44,0.9350724524349376,0.8162190626645603,0.8776928646126619,0.8459786429231454,0.5695625759416768,0.8402424815521521,59221
45,0.936772855119231,0.9104847801578354,0.8103919425359151,0.803656799140972,0.9044186046511627,0.596267803305957,38476
46,0.928235192022081,0.8941629249518922,0.8147307612956468,0.7034637844439052,0.5127894918769443,0.7410636982065554,48510
47,0.9177499224302259,0.909118086696562,0.7729262420660976,0.7640105729529245,0.5182490182490183,0.7964226467597795,74748
48,0.914178034714572,0.8649167733674776,0.8146114655982589,0.8969643698188927,0.767384916748286,0.8478564236632457,56611
49,0.9310537169982852,0.9276770293609672,0.7951876890233055,0.7852488024747428,0.7649308620182407,0.6474178552227949,31621
50,0.9258851570145049,0.9333333333333333,0.7852006381151061,0.7877546406163805,0.8416289592760181,0.6093727827444303,28188
51,0.9348938373640261,0.9144523655217109,0.8181412128500257,0.8996369070789605,0.9566232899566233,0.7294818559306734,27695
52,0.9203403170337421,0.8498877665544332,0.8374931431705979,0.7552678642893866,0.7706919945725916,0.6727326285471148,30553
53,0.9017537986012849,0.8351648351648352,0.8052663242167616,0.7209721255742146,0.5314091680814941,0.7395686969271184,32738
54,0.9100474256384816,0.8238943366019612,0.8327691563722689,0.6593118413626402,0.565662578878438,0.6123033815194548,31406
55,0.9006205847270429,0.8077884958913898,0.8103907074973601,0.6038326449661895,0.5349002007794968,0.5976387249114522,42350
56,0.8998785508316762,0.8104280155642023,0.8270357572115384,0.597464531278914,0.4204273162939297,0.7250714425950568,45841
57,0.8962550140638708,0.8058324654069335,0.8235785953177257,0.6003716272694722,0.38791867037880706,0.613099114352696,61424
58,0.8992651164547057,0.8432225738396625,0.8039781841514276,0.738716853255889,0.5538361296628115,0.8013353091024126,60061
59,0.9167968415242174,0.8671808054841473,0.8192292981449608,0.6196817611237225,0.3979591836734694,0.6584003869322429,45486
60,0.8999018261775542,0.8718022009432614,0.7910308315166614,0.6052855680878348,0.6147446267621909,0.6077515419145286,54802
61,0.9157162198129346,0.860254962078425,0.8283027339852325,0.7790567143429101,0.5713606541789483,0.7299168268331264,58793
62,0.9147339192984092,0.8304991771804717,0.836388323150034,0.5551016290206185,0.3752184656180317,0.6347446496175538,51772
63,0.9054910086316601,0.8511352197740745,0.8092980504087852,0.47948741598866823,0.5283212222843302,0.3937544661997999,69970
64,0.8918680225817633,0.821900433357996,0.7885186334027562,0.4402064562279251,0.30027051397655546,0.6184641135176997,80058
65,0.9034864451941944,0.8754561506768688,0.7972646184340931,0.553155303997289,0.17488006977758394,0.7288825986399254,57938
66,0.918556282702693,0.8558734939759036,0.8260116941067857,0.5728558784226514,0.5001822821728035,0.6561452045606975,47712
67,0.9099056811257838,0.8412162162162162,0.8121997975316088,0.668707113902605,0.5744351593933766,0.6744350878377238,59257
68,0.9306436157285756,0.8600638051044084,0.837072792102263,0.7777396634773246,0.6138174019607843,0.6977337848398021,57585
69,0.940557852253614,0.8580593424218124,0.8656505991881184,0.8337680552751339,0.6740681998413958,0.8468802161990303,62905
70,0.9456861932717762,0.8687411598302688,0.8681709949484835,0.42821436842152305,0.14889714527583126,0.6456578018357261,63735
71,0.9334966400001232,0.860185690879301,0.8571986885815402,0.7620941305544662,0.7666237241105937,0.7020236680447919,59743
72,0.9333286332267565,0.8746640119462419,0.8532706670100437,0.693573926383248,0.4493409665823459,0.7086237462661195,41177
73,0.9235178048566048,0.8478797859201317,0.8459333398114858,0.6581925278382067,0.4691373025516403,0.7020067177676341,46444
74,0.9263155652548811,0.8391142768659028,0.8511441057517439,0.5551866761401567,0.37060293025454055,0.5727286856511302,57907
75,0.8869480153176723,0.7651217596229379,0.8341487548787863,0.7557423602753849,0.6962739932254423,0.6497890873233264,73016
76,0.9174015461529806,0.8468979749774281,0.824342609715394,0.8082308189043137,0.6856292665849816,0.7804780385634202,64932
77,0.9324914761106992,0.8635597978663672,0.8377991994118128,0.8208364320420674,0.6308900523560209,0.8057190565643916,47910
78,0.9402682588666755,0.8891050583657587,0.8506617884429141,0.8130681889355371,0.8306244653550042,0.5996107572540693,33912
79,0.950669113990896,0.8991104361032762,0.8669355937747009,0.7425941378591172,0.7012818432581535,0.6747607023313171,34058
80,0.9329046724152752,0.841135352679517,0.8616845012081463,0.6958905700960817,0.6854157201272149,0.6236190918412754,51687
81,0.8932581005267001,0.8058404310794368,0.8010362694300518,0.7677872130104816,0.3723543245361902,0.7723787514730415,65341
82,0.9186964674626263,0.8267243786651773,0.8322037488086413,0.7305195694854016,0.5833259186760388,0.7018552773758723,54601
83,0.9280814164142378,0.8496026568615822,0.8378857089587023,0.7506385505721727,0.5483870967741935,0.714830117533796,49858
84,0.9415597692779263,0.8448466937569264,0.8728857479387515,0.5227516595497181,0.39495543563936214,0.5345112262034123,70861
85,0.9439042138026182,0.8356091316407084,0.8937257586128222,0.7838879670868437,0.6835373777443403,0.7731091305635586,74278
86,0.9170562979110493,0.7425636007827788,0.8838358974358974,0.6011764626887046,0.3107378269189879,0.7514281902313001,82447
87,0.934682404417682,0.7877279051036099,0.8794839798231893,0.47205443066079467,0.3184384774749157,0.5713453378185256,90966
88,0.896302383473516,0.7684854665986741,0.826478045314342,0.6664401526932328,0.6205175080860639,0.5618525348291609,103577
89,0.8990013338483408,0.8115337738148695,0.8127888170055453,0.845729417610659,0.6533302136952114,0.857232423761459,177043
90,0.9315201732430058,0.878358497870693,0.8279922925390486,0.45093568097168596,0.27496040596011506,0.6223594370830889,165353
91,0.9191812116763199,0.8765237731096217,0.8288607458697329,0.6976985808169841,0.6812996889042516,0.5215640859702306,146795
92,0.9264899921181339,0.8952422333260917,0.8329081424062535,0.7685844357237432,0.31959787014225544,0.8401213787871604,210910
93,0.9284291097670749,0.8767863300256695,0.8559094558941612,0.6453333965275563,0.23768213812628244,0.749536707746053,206673
94,0.9385894316680321,0.8917357819905213,0.8284347425493462,0.3282641147702141,0.37130060910068075,0.40059044642006847,178509
95,0.9309354489269255,0.8659910893683934,0.8317575139408011,0.49994519352153305,0.11709860143365582,0.6466490840246011,182756
96,0.9445943244832063,0.8879573876794813,0.8583864492728105,0.7848651848242003,0.679953216374269,0.7958410317719089,138015
97,0.9397784144890248,0.8209498497804484,0.8644287774395129,0.8591900333111353,0.7391982294653187,0.8204126662293518,100614
98,0.941161236686203,0.8832756029017711,0.8603757107463905,0.695344549680146,0.5854826951782552,0.6733554750148383,79187
99,0.9535480934492161,0.7585065083352364,0.9131195408664132,0.7458438539753949,0.6846632503660323,0.585110808562136,105768
100,0.9394541806718921,0.775023681717714,0.8970067093412519,0.827468429013289,0.8875638841567292,0.6952857830430047,118429
101,0.9546524733296016,0.817776677395395,0.9155261978219023,0.6325009392979231,0.38710247349823323,0.7430473695699629,91620
102,0.9562750939791177,0.834339648830592,0.9250459122284845,0.3562034692843619,0.07496660158257117,0.5446221941195069,79075
103,0.9547558616691384,0.8326100932176149,0.9095197908163971,0.9064361165784771,0.8505499095085619,0.908330579642438,87761
104,0.950234149982292,0.8348865478119936,0.8986597331847587,0.5977567864663426,0.27373113159760915,0.7402219414926556,80742
105,0.9593783824917874,0.848512585812357,0.9241457306729138,0.5763857409895854,0.18370221327967806,0.7417760074976569,85360
12,0.9343556894695002,0.8685360524399126,0.8396698390202775,0.8617892406048011,0.4336321416999676,0.9069798431779608,142582
13,0.9340370475883741,0.8689865334199736,0.844914370633142,0.7094709199096307,0.6666238437821171,0.7068181818181818,59400
14,0.9333649242869004,0.87360686679849,0.8396396731170009,0.6039158004153804,0.36395658796648894,0.633305326835826,59510
15,0.9352068749194052,0.8511291819507668,0.8432760858646803,0.6979190077946943,0.6623745819397994,0.7073667369645844,55004
16,0.9301257123987858,0.8514306997940494,0.8401484808092791,0.6514650617320116,0.5697195780807821,0.6116636921603622,91892
17,0.9290125541779476,0.8447081660563815,0.8352790130448493,0.8358152548135016,0.49520045172219085,0.8499148002539286,89789
18,0.9336668172085891,0.8580563791653759,0.8402189164650832,0.7183703790350293,0.5353049907578559,0.7421875,52864
19,0.9437422041773875,0.8667597951174084,0.8514612863892699,0.6459065659304983,0.2996415770609319,0.6999161165615084,54838
20,0.920943237632897,0.84136127974476,0.8256968973351243,0.5733036886703914,0.2968469091411976,0.5601841107758954,51708
21,0.9094871287330901,0.8201791855600097,0.8260679198856543,0.3393665879058653,0.35696222538327804,0.3494519509583338,83113
22,0.9095580612624803,0.8381870833788657,0.8138667813866781,0.6632000295073922,0.5341415989934805,0.6925289625376485,88649
23,0.8995549450265824,0.851055164753795,0.7852196871575172,0.7653387835646165,0.6267177589852009,0.7245594939504362,63393
24,0.8851701734106769,0.8334018768460014,0.7867563377631214,0.787978910429404,0.7208659049909801,0.7190251475965762,48951
25,0.8696962409211538,0.8092489909848742,0.7803161509275296,0.6509045869139887,0.8602165859219151,0.5109872691171808,59933
26,0.8713591836501564,0.8124955474816556,0.7775209968435954,0.7024551949706584,0.7004735316983532,0.6563901420329045,74701
27,0.8676616845173124,0.8016905295842677,0.7859102936050936,0.6382526718946164,0.6337031677118508,0.5752570593139447,82763
28,0.8809673672893039,0.8105555555555556,0.794753357480928,0.5098956182209933,0.3339928468153109,0.6133060576453346,65504
29,0.8853882573315873,0.8121536583075044,0.7981886969988042,0.712803843135158,0.6984529278208986,0.6645785876993167,61460
30,0.8785041836210802,0.794413407821229,0.7981926181652028,0.6520649244602588,0.7203725120214255,0.575287097109947,57646
31,0.8824777209670958,0.7924588422729687,0.8023212979083088,0.784875348252132,0.7714682209270053,0.6760824777374811,58731
32,0.8794274709090173,0.8092241075474548,0.7955789452540449,0.7243353255934157,0.6197844138429006,0.6084193387431392,76158
33,0.8774294834391478,0.799360257850271,0.7991483598131068,0.7352924184392139,0.7297504471510092,0.6376669332751642,82518
34,0.8827902145617084,0.8145656337474831,0.7986952833224444,0.6915228074790327,0.37276348232913953,0.6915497805696583,69726
35,0.8756339162370651,0.8071021791311714,0.786126734906748,0.798551684185755,0.669693094629156,0.7208335119838786,69969
36,0.874703126482504,0.801064881380302,0.7846397544736777,0.8169889327445828,0.8280058651026393,0.724902286958521,73941
37,0.875106860767006,0.8223540703254515,0.7750104435257343,0.7942586187366427,0.5890879681473187,0.786536486468462,74973
38,0.8691619886012263,0.8001855327594762,0.7822547553803125,0.5784798963227376,0.444845908607864,0.6459901375551518,77060
39,0.8740833985563443,0.807120509224296,0.7852953488262712,0.6828675647255203,0.25635673624288424,0.7186493439114551,92518
40,0.8735714222893924,0.7868268802848242,0.7950625665539802,0.5999402403328857,0.30214819427148193,0.7803101000847595,116801
41,0.8843030195213888,0.7935967302452316,0.8042531903315838,0.7784331503733917,0.07924709267473924,0.9146738443898126,102911
42,0.8848727827236225,0.7976387689866773,0.7967578639847548,0.8794246210677352,0.4828631138975967,0.8816060597266158,68914
43,0.8829823564092476,0.7968841143301575,0.8013731306133455,0.8665287165984543,0.3718737187371874,0.8960959474945307,76792
44,0.8923115013160976,0.8103803486529318,0.7909891640299547,0.8526281379097047,0.36664641555285543,0.8795697472180477,59221
45,0.8926364104535729,0.80880744790897,0.7962052905492757,0.8166327349261825,0.666046511627907,0.8069705790622725,38476
46,0.8970071957125436,0.797842064112588,0.8054453253215008,0.6802084334879723,0.4358797096439682,0.8050092764378479,48510
47,0.893552078269359,0.7989683724718338,0.8022282265734018,0.7315695177701532,0.3804573804573805,0.7968908867126879,74748
48,0.8933069649196781,0.8304595628021066,0.7712992392260528,0.886711156821788,0.7509794319294809,0.7973891999788028,56611
49,0.8842878015356185,0.8321162120554217,0.7598880496115087,0.786329092235522,0.7505148573109738,0.6666772081844344,31621
50,0.8844522491687192,0.8493502977801841,0.7527837533049667,0.8428246456349406,0.7982311805841218,0.7553923655456223,28188
51,0.898756186890805,0.860258929021208,0.7710785201279498,0.9028890571292609,0.9129129129129129,0.7461274598302943,27695
52,0.9013577470990597,0.8703224693912743,0.7725794263560798,0.8021954039232184,0.8761387865865478,0.5906457631001866,30553
53,0.9002655867493415,0.8662256308178679,0.7831615547001117,0.814489956234878,0.8649688737973967,0.6183945262386218,32738
54,0.9026273984125155,0.8559056033480585,0.7963098448267453,0.645558261041214,0.7302059769020122,0.5495128319429409,31406
55,0.9034755282677114,0.8690870387890255,0.7828760995974355,0.5987326468522955,0.6436754458485886,0.4682172373081464,42350
56,0.898274647401316,0.8576000898422146,0.7857723253405561,0.601238505481251,0.5515175718849841,0.6252045112453917,45841
57,0.8851819173629834,0.8413545407901488,0.7803658386872365,0.6334989347383985,0.7391377710284316,0.5760289137796301,61424
58,0.8657467570743824,0.7919356347647114,0.7752380356779913,0.7285177625818847,0.6870825867405115,0.7388654867551323,60061
59,0.889053433803813,0.8442653498555855,0.7888065805869626,0.6228260915524282,0.4699879951980792,0.6843204502484281,45486
60,0.8763201897250856,0.8261088940874272,0.7779487262539071,0.5877359627135084,0.6048070256528773,0.5141418196416189,54802
61,0.8803781442877239,0.8116201019918929,0.7879423286357504,0.782749480690776,0.4964343443947894,0.7543415032401817,58793
62,0.8672195878041615,0.7982445496096752,0.7738591288943659,0.6070355471596635,0.39655276321340327,0.6333732519508615,51772
63,0.8639185953050232,0.7764680358692508,0.7803375794770538,0.5918852624920793,0.5389416806409539,0.5954409032442476,69970
64,0.858039536037121,0.7871012482662968,0.7652957299776485,0.5484970804918425,0.42936579501051997,0.6512153688575782,80058
65,0.8661007193154958,0.7995823920038337,0.7812775719075349,0.6127135732110083,0.17531617967727867,0.7467983016327798,57938
66,0.8769030592347571,0.8255913171097989,0.7817076423237319,0.6067819725806103,0.4837768866204885,0.7257293762575453,47712
67,0.8764169579579905,0.8313265663283164,0.7773821072806001,0.7182819279816466,0.36041473228102755,0.7558094402349089,59257
68,0.8749959947453423,0.8164392790971872,0.7869332117567622,0.842904209664554,0.7928921568627451,0.7707389077016584,57585
69,0.8780709782463846,0.8161593725054663,0.7836449791447947,0.7859330345658799,0.38722102639628414,0.8120181225657738,62905
70,0.8872511432584127,0.8278086683775306,0.7820143273777501,0.4781539987188939,0.24841273573813666,0.6181062210716247,63735
71,0.8926232552307469,0.8181989509061783,0.8084043176491797,0.8060971271156157,0.8248934694282033,0.7153306663542173,59743
72,0.8939621199361614,0.8271868428486238,0.8042779508251043,0.6749539238922777,0.5542537611503129,0.6611943560725648,41177
73,0.8786779990172886,0.8082660332541568,0.7954205176120949,0.8321184397949235,0.8628189550425274,0.7222676772026526,46444
74,0.8818202771974455,0.8098571106021998,0.799317195000401,0.5696349282501503,0.37397879954088176,0.5657001744176007,57907
75,0.8926892387193079,0.8141566856469664,0.8242555704454085,0.8068849654947297,0.8333960607201104,0.6467486578284212,73016
76,0.8745983589861621,0.7837412528878026,0.7964889466840052,0.7875455465887262,0.7794503763346753,0.6114396599519497,64932
77,0.883959310802781,0.8357856371490281,0.7939602976520613,0.7965172161889729,0.6323443862710878,0.8292423293675641,47910
78,0.8954437548671476,0.8296166288113428,0.8105533441590799,0.8127626326628969,0.7387510692899915,0.7094243925454117,33912
79,0.9052938446033293,0.8288390284067517,0.8250055345806583,0.7499018639152287,0.561414895343177,0.6845675024957426,34058
80,0.9006269036062877,0.8242342572021707,0.8168760997568877,0.7094411021300815,0.4474329850068151,0.7015303654690734,51687
81,0.8897469712399813,0.8300381425622003,0.7971284599986195,0.8186863623921767,0.49412072119153383,0.7724552731057069,65341
82,0.8861928226806948,0.8206908344733242,0.7954127752147331,0.6995587153424894,0.5881306166029007,0.7117268914488746,54601
83,0.8915614779466221,0.8260267823745043,0.7927410864905315,0.6996376014092887,0.6799795186891961,0.6047173974086405,49858
13,0.9322050673093711,0.8577914559083429,0.8410628468722503,0.8899411763147103,0.7984219425136201,0.810631948562983,318681
14,0.9288406395299887,0.8381025996971226,0.8435006406461398,0.7918944249057279,0.5528241696378308,0.8028403116570988,306234
15,0.9201654315271458,0.8164335965048076,0.8380458441203704,0.7457218857060287,0.4835149863760218,0.7855708173536682,302207
16,0.921791107044106,0.8512121489342238,0.8176666056150083,0.809953733385681,0.5833937343963921,0.8018970838654746,300672
17,0.9198172382009433,0.879590581620102,0.7954429092595731,0.848255457074831,0.8876631578947368,0.7106645466561943,261005
18,0.8989965732064507,0.8723276121650105,0.7584698935791251,0.8197478425492881,0.8949284652069125,0.6240171052057425,229170
19,0.8855132254302254,0.8891868443883587,0.7217422197891405,0.6889162713682901,0.7925141092535406,0.5348571528619764,228461
20,0.8903999920621819,0.8954037267080746,0.7258995541784041,0.5993841023530528,0.6718572832413636,0.4641079022157284,236807
21,0.8906013921842074,0.8962708852637035,0.7282634302553086,0.7017784697856173,0.7282388059701492,0.5186822016874246,238944
22,0.9022406172994353,0.9033962264150943,0.7385601937369107,0.7747850223246131,0.5111512182544798,0.8309538319288882,237935
23,0.8949598957990065,0.8891107356780833,0.7354530592634638,0.7646037018100281,0.6608187134502924,0.7957716485800439,234796
24,0.8954048460190018,0.8952608829885768,0.7312411949809746,0.7875393137269922,0.6473230999625609,0.7526920222954667,231796
25,0.8713716224903796,0.8818722523920351,0.7097760078624793,0.794932744437486,0.7514907573047108,0.7124391552642674,208728
26,0.8864124901087997,0.8610629841011007,0.7548578356772548,0.5607141043893985,0.5453608955428886,0.7280315463165573,219360
27,0.8950737979381378,0.8656375071469411,0.7629924267238876,0.6705841331393252,0.5111921097770155,0.7539671762695198,213565
28,0.89205454546774,0.8596285029498525,0.7610598298428987,0.7967128675172894,0.7818733232240755,0.6585838370823224,218859
29,0.8936143463624681,0.8457159061163947,0.7710061762687493,0.8267195711980833,0.795754819146632,0.7366644618214437,220726
30,0.890055984580814,0.8489892212458335,0.7620685119416728,0.645641447877162,0.4671572801362365,0.6807688971867054,219067
31,0.8865463570374204,0.8336642446772559,0.7725640320521023,0.8436603962020769,0.8235363180964308,0.7256117394496436,215206
32,0.8989178672209406,0.8349059500173978,0.8066842392516104,0.753243424609533,0.7832104514293106,0.6660453525535504,197431
33,0.895767158784288,0.8398273094112032,0.7951887516331285,0.703976393633451,0.24731711679484886,0.7951555122207736,182558
34,0.9021389116232464,0.8391417586506263,0.7995852019674727,0.6980021484690055,0.7521209885651051,0.6128894163293396,184539
35,0.8959953875842942,0.8318802009890568,0.7893978527369416,0.8437086090738463,0.8403889680610277,0.7268550341883434,193487
36,0.8891486701314031,0.8293916433720759,0.7831525626614892,0.7819316371699179,0.725284198049674,0.7008219456956002,196485
37,0.889100934030396,0.8148485823590403,0.7914196715680759,0.7829496767197531,0.7621666666666667,0.7350597906952441,200951
38,0.8927009494486873,0.8122284349195907,0.7983259976547793,0.7538447313294302,0.7116127844917489,0.7179760756714612,194948
39,0.8808449071026024,0.80956777458624,0.7844469935089177,0.8272922828319894,0.8025496077526535,0.7733652038515417,192027
40,0.8846142115587934,0.8156703051603528,0.7854312714175551,0.8447988338313722,0.7225105317784969,0.8147507135483087,197604
41,0.8841822652737275,0.8063954601632809,0.7949858601439694,0.8652515755134504,0.7785263673669383,0.8156085209782892,195893
42,0.8879629758554476,0.8054225918032214,0.8047244921116945,0.8517970026997839,0.7123476086276962,0.8412145949168892,206291
43,0.8813289828912383,0.7991450032884488,0.8043460710859123,0.809270769538194,0.45624009183840813,0.8322403984609211,211815
44,0.876923350944105,0.7814426263285315,0.8035929747208898,0.7180616336051313,0.31070402298850575,0.7432115335045819,225014
45,0.8815707930881779,0.7926862748686787,0.8122141382620847,0.8009405158007699,0.2945254401075585,0.8714681181596253,256839
46,0.8753780146348215,0.7753605892181267,0.8139697064794054,0.6126177395891947,0.25840336134453784,0.8620387083834737,558432
47,0.8779069646873259,0.7811061908483112,0.8235347978056801,0.7135326411327906,0.21669049785519304,0.9161908190819081,555500
48,0.8850368060342535,0.7848339579883205,0.8298413606168811,0.6432590777700574,0.19924664080508236,0.8844927174120725,272156
49,0.8847847862968211,0.8018192236069331,0.8143059553874241,0.8555153585719604,0.6988353926999006,0.8536441568618834,273081
50,0.8749847518559513,0.7673037567607075,0.8183571375310968,0.8332941980496218,0.6014182662917227,0.9059345763962752,276414
51,0.8823491980541224,0.7618273295965412,0.8356743996707979,0.8170209776427588,0.4802568218298555,0.925967694036892,266019
52,0.8786800613637626,0.7581549593005729,0.8266306635480357,0.8260721925457832,0.5340854536725876,0.9209295410619732,262323
53,0.8847260820836762,0.7740303904265852,0.8253316669257121,0.866113722477469,0.5941130906274206,0.9123786295720683,259948
54,0.8884231449596709,0.7816257816257817,0.8296171874018254,0.9082847385581819,0.6310054996368164,0.9031875384888567,264687
55,0.88928409817023,0.7828323726956604,0.8228508532809398,0.771402632058961,0.4364411663017172,0.880978429227397,255021
56,0.9149227665852236,0.8227457230370795,0.833554976922991,0.8678050854413284,0.6248202632452162,0.904477514166239,274773
57,0.9005491837283128,0.8104323010252616,0.8218852619663778,0.861089859985043,0.7081253743262128,0.8844400953881597,259571
12,0.9631711916500463,0.8939070951320395,0.8977134106534658,0.776385736481024,0.5085997298514183,0.794599838643601,397877
13,0.9601809720254818,0.8879631154289478,0.8939221149129037,0.8508918303548834,0.5461206086793162,0.8962536203915514,318681
14,0.9619547339839473,0.8863029997115662,0.8940971711436053,0.8417504267967377,0.462938637643085,0.8747134544172104,306234
15,0.9609410371322503,0.8896251419916699,0.8859207913211624,0.7966031893804724,0.5299727520435967,0.8494277101456948,302207
16,0.9569150381221394,0.901963557504184,0.864630161137042,0.8544911355317016,0.5380526697269872,0.8661365208599404,300672
17,0.9461040502061348,0.914218461355104,0.8362557295238539,0.8578178337667716,0.8460631578947369,0.7403536330721634,261005
18,0.945881543119547,0.9098639968637857,0.8342123302598159,0.8169268115696267,0.8548279575406389,0.6960815115416503,229170
19,0.9398803766536495,0.9087048235128674,0.8240147583937852,0.6903595446965143,0.6553082738792461,0.6445432699673029,228461
20,0.9397138691957123,0.9073954638288724,0.8274870645800245,0.5351527625481918,0.5113009297754932,0.5569852242543506,236807
21,0.936755547376211,0.9065487571701721,0.8212288173713463,0.7084964067155601,0.4638805970149254,0.7967975760010714,238944
22,0.9332302493047536,0.8947935464756107,0.820164121557067,0.7944998601521736,0.5477633105582055,0.8376615462206065,237935
23,0.93329257102806,0.8861134395082425,0.8254324725904261,0.8091519447400903,0.5365497076023392,0.8508833199884155,234796
24,0.9346687561535046,0.8909691935887109,0.8263455450572037,0.79353146452398,0.5917259453388244,0.8064246147474503,231796
25,0.9299601665178975,0.8729035493397225,0.832233774308314,0.7972170190508818,0.6861210494931426,0.7794689739757005,208728
26,0.9290685995282384,0.8731789980047557,0.834052207072763,0.5506903539696164,0.45051850834420715,0.7709928884026258,219360
27,0.9329660655244008,0.8729567115702039,0.8431023207744743,0.6526648413819736,0.45004288164665524,0.8287828061714232,213565
28,0.9281621952450746,0.8613230021416368,0.8406202925483239,0.7564243883876924,0.5950659045841595,0.7207517168587995,218859
29,0.9288283780469562,0.8612540945250351,0.846891457215046,0.8315121967264463,0.7719298245614035,0.7673631561302248,220726
30,0.9338248931606323,0.854512652079382,0.8608505311222486,0.6606569045239389,0.3720958520861209,0.8061415000890139,219067
31,0.9372453112606186,0.8615460688973133,0.8621801639249861,0.856648780611714,0.7239355040701315,0.8321050528330994,215206
32,0.9419528956609631,0.8627069133398247,0.8751194454171538,0.8160298357931193,0.7913594619066098,0.7140975834595378,197431
14,0.9674073239985889,0.9425136201390194,0.8453720177858108,0.8352682152483356,0.7135485081628823,0.7764030120757329,306234
15,0.9657981704854488,0.9602176768624507,0.8365106421886531,0.7766232104606825,0.6224795640326976,0.7838402154814416,302207
16,0.9615327952456356,0.921117166212534,0.8835070001687585,0.8265989778310004,0.4942417653217363,0.8509704927628778,300672
17,0.9553809750298731,0.9536119835709108,0.8178812792677735,0.8413391045469815,0.7895578947368421,0.7432194785540507,261005
18,0.9505288030979387,0.9598315789473684,0.8238922626003333,0.7904288478809625,0.7740628685708425,0.7222978574857093,229170
19,0.9515608180696132,0.9768729808727757,0.7909237683815508,0.6914792407764232,0.6513150889149185,0.6543304984220502,228461
20,0.7568021595828255,0.9071451389628368,0.5071412626225045,0.5883331753362787,0.6389749792123365,0.42720443230141003,236807
21,0.9808975574760243,0.9456497089727115,0.910978138315168,0.7032440347607278,0.4182686567164179,0.8536644569438865,238944
22,0.9501193666052504,0.9597611940298507,0.8088547944288201,0.7854056948441894,0.6588887456490912,0.7708701956416668,237935
23,0.9536155050450204,0.9156890550470542,0.8426208838548344,0.7814945876067934,0.627517868745939,0.827765379307995,234796
24,0.9621813834808444,0.9631254061078622,0.7746937767253275,0.7889776538298932,0.6993635342568326,0.7187699528896099,231796
25,0.9615328780914044,0.9605952826656683,0.8108595489136999,0.8026181718641181,0.7554412641621944,0.7194386953355564,208728
26,0.9674908316960282,0.9423822301729279,0.8672578666973286,0.5399699087170731,0.43383009408694456,0.7625683807439825,219360
27,0.9742444165295423,0.9658677288647758,0.861524434719183,0.6333553836442825,0.48550600343053174,0.7775056774284176,213565
28,0.9594813701002233,0.9788164665523156,0.782637604476389,0.7742925753495671,0.7119444768459116,0.6904947934514916,218859
29,0.9372541803100443,0.9534002099615071,0.7139162657235937,0.846468611796546,0.8826077539527832,0.6736587443255438,220726
30,0.9523824923915098,0.9157461555122374,0.8468553772550583,0.6435138184878992,0.40141102055710987,0.772234065377259,219067
31,0.9386159456368828,0.9600413574990877,0.7685228719980646,0.8584915938835957,0.8125391358797746,0.761995483397303,215206
32,0.9432091182003131,0.9679868503443957,0.7146594425805972,0.8128804813160388,0.9025999223903765,0.570751300454336,197431
33,0.9288625038670144,0.8830681671193895,0.8108301127989019,0.6967557379904822,0.4205419424074405,0.7282890916859299,182558
34,0.9204583513597346,0.980951529243427,0.5565628457805191,0.7193438688090176,0.8780277880240993,0.4731845300993286,184539
35,0.9166921064649801,0.9616377720398377,0.6813790038961954,0.8398103646568851,0.8795372621342946,0.6118085452769436,193487
36,0.9378450961524277,0.9735937630983318,0.669853788626626,0.7730232735361169,0.8155271806475944,0.602860269231748,196485
37,0.9112355560317115,0.96099348095469,0.6097462910654757,0.79390877171726,0.8830555555555556,0.5926419873501501,200951
38,0.9211091808735673,0.9462222222222222,0.700409552577494,0.7518782032794559,0.7986626587325931,0.6340408724377783,194948
39,0.9211850586976245,0.951107294031041,0.6353283952643782,0.8605219154027806,0.8959390862944162,0.5913960016039411,192027
40,0.9321243274006208,0.9347023534840794,0.7137537950392393,0.8487267037453816,0.8471823676659137,0.6755683083338394,197604
41,0.9306585357293651,0.9589718542035534,0.6634076233274631,0.8634109776880141,0.8828321185765909,0.6287718295191763,195893
42,0.9628780445027483,0.9617810987934097,0.7796245909756857,0.8406514303778639,0.8133791809940606,0.7249758835819303,206291
43,0.9631669872609773,0.9486714598311973,0.8165697970342866,0.8006975263785541,0.6686710763680096,0.7440832802209475,211815
44,0.9569381956868602,0.9535341387415951,0.7772112456624884,0.8056882677529235,0.7883441091954023,0.6879394171029358,225014
45,0.9849613141355534,0.9552801724137931,0.9299065835903544,0.6573336955271085,0.19524389731523886,0.8152071920541663,256839
46,0.9734743949455698,0.9571026427461031,0.8322606769221186,0.6796204875413354,0.47865988500663426,0.7364549309495158,558432
47,0.9817739652793661,0.9589783281733746,0.9066350065898803,0.6140348227182014,0.27427531522163007,0.8417029702970297,555500
48,0.959736037950625,0.9152476277135058,0.8849216921692169,0.7246778132146218,0.4266599201664137,0.8574751245609136,272156
49,0.9699462406929057,0.9681227863046045,0.8472861153162157,0.8771793344551104,0.71985513421389,0.8366784946590938,273081
50,0.9678242865975852,0.9484448231785257,0.8576502942350438,0.8564152430942467,0.7345641276439663,0.8212753333767465,276414
51,0.9766368728473679,0.9459591637119452,0.908944554183218,0.8133620504483119,0.5606741573033708,0.8926805980023983,266019
52,0.9739892576854583,0.9338683788121991,0.9038076227637876,0.8383962549065742,0.7033125300048008,0.8780244202757669,262323
53,0.977534731304519,0.9051848295727316,0.9432760375567526,0.8803487611340496,0.551704105344694,0.9205494945142875,259948
54,0.9582429855438916,0.860573199070488,0.9091395202117346,0.7965256599302779,0.43312234097748264,0.8739870110734566,264687
55,0.9898727170123758,0.9784165196637958,0.9301779082463438,0.7588048321663965,0.306557565979025,0.913975711804126,255021
56,0.9674537476508225,0.9311974184626023,0.883440971527835,0.8796578212807775,0.6608782214356819,0.8721053378607069,274773
57,0.9739192430551931,0.9288795487224865,0.9124404508448792,0.8576780802106432,0.6376522259932123,0.9033096917606358,259571
58,0.9556712700178781,0.8660411259732481,0.914412626988377,0.8668922402092942,0.5508882866606444,0.89496259919202,228471
59,0.9691866505749404,0.9202047576031316,0.9061675223551348,0.8968387538905073,0.7250780437044745,0.8690480433841689,196385
60,0.9542766510682457,0.9030176899063476,0.9079664943860275,0.9251561848955598,0.7866094420600859,0.899019767126997,184650
61,0.9572383929669654,0.9242918454935622,0.835537503384782,0.8934364951683499,0.7909178433889602,0.8141112155120868,175605
62,0.9323305586858766,0.9781771501925546,0.695133965433786,0.9390236676002317,0.9885293294786907,0.6878615898332865,163514
63,0.9702444511072268,0.9676396530821598,0.8532296928703352,0.9043067842719316,0.864355435880175,0.7932939450849223,145898
64,0.9505203204028569,0.9769437899697072,0.7441842931363007,0.900479665980961,0.9671883580450302,0.6999444984043292,144140
65,0.9710299947263159,0.9680120812740253,0.8337033439711392,0.9116285743012623,0.8320262086766603,0.8409936988484102,138070
66,0.9353616712796153,0.945994242033158,0.752893459839212,0.7638911705338813,0.6003182179793158,0.7075216410853277,137470
67,0.9275464613536495,0.9696897374701671,0.7127809703935404,0.7829341822857817,0.8364921780986763,0.6115104667949952,132992
68,0.9423827819172732,0.9548736462093863,0.7724224013474494,0.7194286561345514,0.5458160588882308,0.7172974501218776,130869
69,0.9495626963169341,0.9692867416871139,0.72820912515569,0.658727170197126,0.6842676311030741,0.5555431297994483,107304
70,0.6577170171010743,1.0,0.12883955863714308,0.6973457132821,1.0,0.07158708568974156,125721
71,0.6980371055765459,0.9997777777777778,0.1209264959712379,0.6869860289671165,0.9857584307402929,0.1063499456606117,128820
72,0.9252572232755822,0.9048770656993148,0.7654712001242043,0.6743435520143584,0.5251162366669706,0.7121815670275305,124516
73,0.7676914328089657,0.9729236940468593,0.3361254778502361,0.7063099831528818,0.92402057776019,0.3664073079483119,130707
74,0.8159363396625475,0.9586070439256035,0.5021689733526131,0.6711145810411168,0.8509940165991121,0.43082686647043084,145743
75,0.8958811634001922,0.9467284308048639,0.6086604502446087,0.8158023031747166,0.8857173984094128,0.5624555756722323,149130
76,0.9023957102555502,0.9139339797363547,0.7530946154361966,0.7780378759636415,0.6375760088446656,0.7390757811564708,150354
77,0.8744262873099444,0.947277501381979,0.5041102996927251,0.8041806978019364,0.9457326097681302,0.5027949671895156,160467
78,0.8368584440866076,0.9925550522491815,0.27902310132301344,0.6768245434631419,0.9957713509023635,0.21843982143977014,175403
79,0.8115428526323314,0.9734199199577135,0.3738533548456982,0.6502442078896732,0.8890170333569908,0.33852365774268756,177574
80,0.8883899262395205,0.9362136266855926,0.6776273553560769,0.658359523881133,0.6067322508000474,0.6578695138532866,179452
81,0.9023517067884274,0.8332345620481214,0.864593317433074,0.7191216188868217,0.3162887047535979,0.8128024165865715,182075
82,0.9080568118958647,0.9490841692106411,0.7190223808869971,0.6770296280101014,0.4763473758531419,0.7214928439656424,185927
83,0.9262901836671674,0.9009178630265945,0.8167237679304243,0.8317473286414498,0.7017627898064763,0.7962246912371723,183879
84,0.9173780276452207,0.9379191415980073,0.7082918658465621,0.8487551852912458,0.8473621578738596,0.6969460923394377,193850
85,0.9402361952202674,0.9481951606505356,0.7581583698736136,0.8432293522552943,0.8019074868860276,0.7522653540664503,196658
86,0.9620585507122671,0.9662374821173104,0.8001301752280608,0.8910351491706786,0.8381789026005717,0.8086546307629539,196080
87,0.9674794689679601,0.94031931952869,0.847562219502244,0.8041344320162036,0.6801135807304416,0.7111106751932206,203912
88,0.9474471674236647,0.9332223636541662,0.7666836674643964,0.7469975470432089,0.4679316888045541,0.7051876906880855,205178
89,0.9437865221568141,0.9666576307942532,0.7147744884929184,0.8030735828733239,0.7236022671611504,0.6906738865892219,204619
90,0.9111315082124166,0.9825764467147156,0.6660867270390335,0.8872644538961798,0.9323216252600661,0.6566491515919334,192596
91,0.9411772531848427,0.906131440460164,0.8094664479013064,0.7994473295103837,0.6064418721690992,0.7703187989435152,172648
92,0.9261363728134344,0.9535983895319577,0.6804191186691998,0.7355052328400388,0.7037037037037037,0.6655076041227815,168527
93,0.9324958327927311,0.9567759979659293,0.720531428198449,0.9023291594980707,0.9758207630878438,0.6550983415529844,169918
94,0.9694221569967814,0.9775953859804791,0.8396167563177532,0.5871605433309718,0.35778494476085915,0.6609626386162699,178821
95,0.9376078350000334,0.9786248541823921,0.6309549773236924,0.8032601554089573,0.8446720952631118,0.511117103987239,174281
96,0.9539723074872483,0.9450135714911129,0.8506607145930997,0.7628563534727212,0.5542695836273818,0.7371085062326339,169511
97,0.9367745864375862,0.9539872971065632,0.7210682492581603,0.8158041086563745,0.8229005951068988,0.5979904906013966,157949
98,0.9805012352025986,0.9588935419880978,0.9092871749742005,0.894160022921197,0.7686583497483038,0.8720659274483878,152774
99,0.9763829222144123,0.9646530969577588,0.8707829866338513,0.9100189380020007,0.8903264630660448,0.8382327417187891,155563
100,0.9784356283009953,0.965698811493907,0.9048231263218117,0.47213797977241495,0.2688692098092643,0.8043545921719705,144583
101,0.9605690310613446,0.9803133514986376,0.8088571962125561,0.8283239864324128,0.8111061218380482,0.7645199205609371,148038
102,0.9514636907343614,0.983086364316719,0.7804212431943149,0.5329463370930202,0.4934672281611057,0.6226240272863387,148939
103,0.9596246008574406,0.9827772378792787,0.7304601212576961,0.7428674456243461,0.6675048576980226,0.682606827276878,148932
104,0.9586014168193732,0.9570236598468397,0.8162315687696399,0.5916184104819678,0.32508630609896433,0.7544701495000165,151505
105,0.9801324727181255,0.9728295614371564,0.8588099402659978,0.7335080433819011,0.4882519822506729,0.7867592748571355,154342
106,0.9816518922079112,0.971193714992362,0.8524380920293892,0.84487774409919,0.7391172302085443,0.7514092914280607,156639
107,0.9721551828816767,0.954241749341972,0.8552020888795255,0.47428525647276215,0.2754161606058441,0.7089100450136003,166172
108,0.9828798558578522,0.9874973208544688,0.8503538502274751,0.6115469901239233,0.5149038461538461,0.6934100185081358,165873
109,0.9825079569928465,0.9725360576923077,0.8702923320853906,0.8221841776042987,0.7078259631132949,0.7663372667226133,175167
110,0.959514816579519,0.9792067222103539,0.8056140711435373,0.8396539762265871,0.9135057274161466,0.6713789373464067,200611
111,0.9778930321855934,0.9770217436038137,0.8521417070848558,0.8050526559461579,0.7241395545929658,0.7485946720579791,207247
112,0.9252848540952183,0.9843683789255615,0.6305809010504374,0.5709250425494647,0.6511816614261081,0.5468163304973186,226374
113,0.8596797100705919,0.964262771748318,0.4763091167713607,0.6206898798604725,0.8946093495787989,0.48295856608862875,240238
114,0.895323458443025,0.9598322426696555,0.5267734496624181,0.6515125579731227,0.9680249009620826,0.44388386417550263,292554
115,0.9494387329404831,0.9671760045274477,0.7317828503455772,0.8355602743366579,0.8783512581690938,0.5968504678766564,318460
116,0.951757294209492,0.94967323624762,0.8602775858820574,0.8876611340794662,0.7985700736849785,0.8464539603430615,327055
117,0.9485793114606567,0.9241263587947763,0.8234303098867163,0.30800112693459814,0.0875922872912336,0.5739046343822064,349518
118,0.9919580851647434,0.9828542756791628,0.889945582201775,0.535871487456061,0.45911964037149444,0.6717680215053203,384277
119,0.9195865418424842,0.979554115418844,0.670021885254647,0.7230928702400063,0.7910623669995089,0.5906715035921285,407697
120,0.9347543255723549,0.952594532656736,0.7399662003890144,0.808533298403016,0.7510860121633363,0.6921442838679356,425550
121,0.9363623616896266,0.9627135823921228,0.7889601691928093,0.5691540363013449,0.3872594245499603,0.6691615256786323,456138
122,0.8838112259867112,0.9604780397794322,0.5994128969741613,0.6720943812981994,0.8303149041907584,0.5509297592121729,477059
123,0.9545684600267915,0.9545085296506904,0.815616097799224,0.7375012857188983,0.8236946726742645,0.6851152533774109,488836
124,0.9679113939813091,0.9632122979061755,0.8342654796291599,0.8723952758595594,0.7853241224194715,0.7830583628458726,520965
125,0.9462979167494836,0.943127962085308,0.7858109469926002,0.940680895307189,0.930752597436844,0.7904783975772763,509179
126,0.9796891913139734,0.931490955118401,0.9210042048081323,0.9491686469631703,0.8011231603408211,0.9279818929577918,497486
127,0.9834712123513938,0.9543474051123161,0.9226812412811617,0.7726753886732902,0.49011663820355367,0.8884679409907583,505209
128,0.9879898940430176,0.9888267141455616,0.8522769784386264,0.9408377688942128,0.9231679046222264,0.7877376549746664,491048
129,0.981130562062234,0.9515541467568719,0.9105973346801127,0.8791801394860425,0.5979771784232365,0.869174673330199,482827
130,0.9708238820689927,0.9719917012448133,0.8143185861602603,0.88636288715219,0.7557488383176456,0.7367314955603765,471549
131,0.9860325939873126,0.9451129909845506,0.9351392962343256,0.8832296849792197,0.7082444588704442,0.8457949993506948,400428
132,0.9510393294208707,0.9452842437169618,0.8609712607509964,0.24192468755538782,0.16324790878576376,0.7859260369893967,380163
133,0.9918771458613735,0.9707496403644307,0.9508368778655472,0.881386599094363,0.2174432497013142,0.9013202690828749,353943
134,0.9734593252183885,0.9710606664011682,0.8967997671941528,0.9390381051466983,0.9560650029019153,0.8217688565810062,328506
135,0.9855072584165332,0.9807312826465467,0.8796247252713801,0.8669639571992362,0.7149721314626177,0.8453064097011693,295552
136,0.9291023701501587,0.8097251585623678,0.8785763588133391,0.5199134960802729,0.16537171832828984,0.7458357316646833,283183
137,0.9740680533625959,0.9785174886180856,0.8372536487006635,0.8767956454013826,0.9170952934019136,0.7448419472568872,271808
138,0.9557771340072638,0.9402687904430065,0.8589187956204379,0.7951961368320146,0.6277541553923464,0.8252112008250763,288943
139,0.914147855090747,0.9101275608813297,0.791900132552095,0.8425603841755995,0.8369941326914397,0.7202737959828405,296279
140,0.9095872423362685,0.8717466526252444,0.80652358081403,0.7826931277696203,0.467412167236919,0.7709716556008852,300024
141,0.9313481730334826,0.9317366268880914,0.7743813828227075,0.7550485749040805,0.5245889331030859,0.7605793915015084,320198
142,0.9141521442590367,0.9511975373526541,0.712100013116884,0.6359294109713367,0.39941650180844473,0.6480635369236406,382140
143,0.941643192452253,0.9665088024299103,0.7913801224682053,0.7557531626743778,0.7393932116554595,0.7126114663359586,372534
144,0.9378050139688306,0.9507284662183798,0.7793919481174872,0.708135164689884,0.628085856743281,0.6808316746204945,375291
145,0.9149181458942498,0.9633345494345129,0.7572443783623908,0.7100678601485555,0.5267334460777937,0.7649017470180395,372406
146,0.9456616813220523,0.90451411473917,0.8481683968571935,0.8372674619031988,0.4622561178779016,0.8232213055150054,365802
147,0.979281708790481,0.9656806486246344,0.8923269965719159,0.7509005701596128,0.314070351758794,0.8160966555334898,354496
148,0.9306454095388427,0.8130357670706474,0.9384760335800686,0.7681430951068281,0.19351343542328805,0.8884657267809204,343446
149,0.9591097559721197,0.9331118173938168,0.8983275391182312,0.9216728233656626,0.8521427746332447,0.9118463340468869,346622
150,0.9634946845962133,0.9383158137923068,0.8591203097322155,0.9307332365052648,0.8618718742557752,0.8298425276363701,336694
151,0.9806369796701832,0.9798761609907121,0.9208004894652118,0.7547555735367372,0.2426827359524182,0.836624026272738,328249
152,0.9651539086377148,0.9435748943496635,0.8697269450935113,0.8210621043491843,0.6914918689606411,0.8609995864219133,314330
153,0.9667897005912308,0.973250058920575,0.9078293513186778,0.8118401783207956,0.6265044648634658,0.8168563991885809,323877
154,0.9707004510625554,0.9646693412708683,0.8823071721672117,0.49996265313432064,0.27699169486311903,0.7367441595044179,315427
155,0.940701498160248,0.9903875730544448,0.7742647268623168,0.7149276514939975,0.6242777808941493,0.768731826558378,289227
156,0.9690701264825667,0.9745891064116228,0.8687017463791417,0.7645425974489488,0.32991197971057734,0.809613432830017,257161
157,0.9461903704329926,0.9894077278830374,0.8124987848079608,0.7856992389391104,0.769412180885561,0.6892127315495442,272080
158,0.9744244705789838,0.9702847709451093,0.8682666862687445,0.874911513176778,0.7081726200458383,0.8390919678086597,287655
159,0.9695350794967479,0.9897422997372687,0.8747492656133216,0.7764718795141925,0.7506144336039324,0.7358256681791996,308974
160,0.9743317854054213,0.9878230431220675,0.880879944590807,0.8372894014459085,0.65606489827453,0.8518885673159847,325829
161,0.9735945292285745,0.9854493947978368,0.892996019384401,0.6323184819537153,0.4500727888529071,0.7300215611658492,349239
162,0.968704811708726,0.9830951602840251,0.8591766669816372,0.8928885495000605,0.8467479780511273,0.8321988206005995,377989
163,0.9858047507681429,0.9861389228408707,0.8771763199458186,0.6521043415387738,0.46090865307432977,0.7927851561277399,383404
164,0.9839155024960016,0.9855835607641676,0.8835953719835995,0.7054873872098147,0.4532328060316381,0.7839689600657747,394073
165,0.962997204240754,0.9878207307561546,0.8346803764784697,0.7905368267839874,0.7377666248431619,0.770625933837966,404915
166,0.9846321250873459,0.9700125470514429,0.893580134102219,0.7866160070518011,0.5732174544281335,0.752735677995463,395423
167,0.9606333323310507,0.9849774157122116,0.7736778083217213,0.6483946487203713,0.5469640517872029,0.6166271392859433,405626
168,0.9732638222189249,0.9893159121454942,0.7882581491324521,0.7176406811219052,0.6032332435210133,0.7193622894746626,430352
169,0.9662490930389362,0.9791672453542957,0.8366453507826151,0.6664768375246326,0.4684310808341816,0.7102828372178217,447678
170,0.9595761229805998,0.9676089055934017,0.8130129244680329,0.7508483066633422,0.5573878045395475,0.7103001168713753,453490
171,0.9764603239748497,0.9875219218006788,0.786561996956934,0.7684088733733576,0.7843428911416738,0.6306629343661996,472988
172,0.9671579761913303,0.9769559944163482,0.8108514380914527,0.8013929689278405,0.8011676709887687,0.7092619434623054,477416
173,0.9571600406756744,0.9788037234167273,0.8055469443839335,0.8450407186860314,0.8511952834760136,0.7266546939430727,498355
174,0.9693516270069256,0.9843724761750928,0.8078618655376187,0.7281498108957167,0.6313306071091538,0.7395458607805403,488969
175,0.9723808496160836,0.9832861486840726,0.8241831281737697,0.7967938131572853,0.696354299788554,0.7238538330653862,468998
176,0.9569338197676642,0.975091200594837,0.7723678992234508,0.906863407248941,0.9092450895322237,0.7163470589242011,467448
177,0.9742401424204603,0.9669480160921353,0.8895235405863327,0.39684851545261124,0.26491996446328653,0.7719255392144889,450331
178,0.9928836881880855,0.9867984226686825,0.905898106059765,0.7004160124585745,0.3319204571814175,0.8053123063925655,443875
179,0.9902525913787907,0.9860399401109213,0.9311923401858632,0.8711468947144897,0.7599048751486326,0.8569439274241358,435186
180,0.9870866399459917,0.981807372175981,0.8862578299853396,0.9493347429846641,0.8984419190620662,0.8329583922782023,419177
181,0.9887320239919604,0.9833393325448655,0.8727339524830799,0.9100146688815871,0.803867992998335,0.7935483095272448,415860
182,0.989276226516203,0.9873201554028092,0.8932140624248546,0.8186938758406499,0.7103420438391744,0.7820988525681098,396712
183,0.9903854871290391,0.9916463382531019,0.8727237895501019,0.8629109245466409,0.7619589073697015,0.7907746726588002,406533
184,0.9898793392857294,0.9805378533463787,0.91286562222501,0.47147075281096273,0.35364898207373974,0.7025868780070702,391785
185,0.9875676479628358,0.9957084556287054,0.9271437140268259,0.8783033443614284,0.6710454535535819,0.8530872427520809,373521
186,0.9851325120665182,0.9862962882143714,0.8834844627209715,0.8991321000092205,0.8754093552959578,0.7684626656169538,356923
187,0.9970358498800663,0.9899799599198397,0.9471734799942845,0.7550430889525388,0.3629130966952264,0.7993523623497188,366563
188,0.9909819998322142,0.9927687946917477,0.9147759048240003,0.7780631806633898,0.6713229571984436,0.7168607472100922,370980
189,0.9716335727525487,0.9654085603112841,0.893395870397326,0.8738859444958239,0.7638386562863974,0.8194001941225824,364718
190,0.985740628253481,0.9844908968307485,0.8894323833756491,0.84501491038776,0.7016863406408095,0.7775645318480527,367338
191,0.9862588278600205,0.9919730185497471,0.9012135961975075,0.9555663813900173,0.943457690219499,0.836450840586247,381341
192,0.9940501153773047,0.9880555340107035,0.9000002622324901,0.8755872101945668,0.7126054995916145,0.8156455382958732,386321
193,0.978479327228567,0.9903893275251838,0.8410026894732618,0.8781824436387162,0.8014130608334664,0.7690623768942699,401078
194,0.9760624137355908,0.9858494331789877,0.8600097736599863,0.8497205743151597,0.6877748167888075,0.8290322343406411,407919
195,0.9882766162916193,0.9789140572951366,0.9049419124875282,0.8526646889067555,0.6325089798109079,0.8436400051558147,403428
196,0.9346090814608154,0.9207299450889724,0.7992504238674559,0.7332522901450715,0.5071303105183245,0.7265366572243943,378793
197,0.9302681109181415,0.9631426955253208,0.7566375302605909,0.9089092158296361,0.9267007037394784,0.7724570483098293,363839
198,0.9471082971913438,0.9794121705533324,0.7172183300855598,0.8346364723573716,0.8646622352759313,0.5582633199394667,306608
199,0.9658228763867581,0.9586875869531613,0.8135469394144967,0.8994065583621451,0.8656992598363848,0.7628482467090332,281984
200,0.9530234970678475,0.9202376314764317,0.8414839139809351,0.7727038769224228,0.5513389401991642,0.7477565622654333,267781
201,0.9617108512406244,0.9685258758577989,0.7693077552178833,0.717200597258232,0.6926282326660366,0.629954428983815,246648
202,0.9415204467977797,0.9666638027321934,0.7363570756705913,0.7604205645625312,0.7096272380393308,0.6985784561515984,243327
203,0.8987656827653401,0.963839154681538,0.6068130540383928,0.7624618795854953,0.8946028513238289,0.5006641665924204,246926
204,0.916605993300354,0.945010183299389,0.6751658391582903,0.8436729843923549,0.8727416440831075,0.6216557940380245,257834
